user_id,first_name,last_name,email,phone,created_at,updated_at
1,Lisabeth,Rohmer,lisabeth.rohmer@orange.fr,(419) 698-3375,2024-01-27 09:58:57,2024-01-31 02:21:08
2,Josselyn,Pichan,josselyn.pichan@gmail.com,(205) 387-6508,2024-01-27 10:06:12,2024-02-03 05:01:46
3,Barthel,Babbs,barthel.babbs@msn.com,(404) 364-7119,2024-01-27 10:14:05,2024-02-03 12:06:39
4,Nesta,Spellworth,nesta.spellworth@gmail.com,(614) 071-2370,2024-01-27 10:20:43,2024-01-30 23:06:46
5,Tate,Raff,tate.raff@bigpond.com,(503) 717-0285,2024-01-27 10:23:25,2024-02-02 16:13:38
6,Tabbie,Le Pruvost,tabbie.lepruvost@yahoo.com,(347) 038-7820,2024-01-27 10:24:42,2024-02-04 19:38:42
7,Leodora,Wannan,leodora.wannan@hotmail.com,(214) 801-6204,2024-01-27 10:27:18,2024-02-02 09:51:40
8,Dacie,Trusler,dacie.trusler@gmail.com,(757) 550-6933,2024-01-27 10:34:05,2024-01-27 13:46:48
9,Violet,Bedminster,violet.bedminster@yahoo.com,(661) 297-0061,2024-01-27 10:40:50,2024-02-02 09:02:01
10,Hayyim,Graeser,hayyim.graeser@yahoo.com,(419) 058-8290,2024-01-27 10:46:33,2024-02-05 05:49:17
11,Lombard,Richen,lombard.richen@yahoo.com,(208) 538-2564,2024-01-27 10:49:46,2024-01-27 20:15:00
12,Sidney,Lynas,sidney.lynas@yahoo.com,(574) 515-7179,2024-01-27 10:52:25,2024-02-02 13:08:32
13,Sonnie,Antonsson,sonnie.antonsson@yahoo.com,(404) 127-1694,2024-01-27 11:00:59,2024-02-05 08:33:33
14,Tomi,Corderoy,tomi.corderoy@gmail.com,(727) 306-4907,2024-01-27 11:08:13,2024-02-04 17:32:33
15,Tuckie,Dovidaitis,tuckie.dovidaitis@mail.ru,(714) 531-4615,2024-01-27 11:14:44,2024-01-27 23:32:22
16,Thedrick,Glencrosche,thedrick.glencrosche@yahoo.com,(949) 301-8216,2024-01-27 11:17:24,2024-02-03 19:24:44
17,Orlan,Gooble,orlan.gooble@aol.com,(304) 050-1459,2024-01-27 11:23:13,2024-01-30 01:04:08
18,Franklyn,Sneath,franklyn.sneath@yahoo.fr,(831) 098-0378,2024-01-27 11:27:26,2024-02-04 20:49:16
19,Geordie,Macklam,geordie.macklam@gmail.com,(501) 021-4340,2024-01-27 11:29:25,2024-02-02 13:43:40
20,Puff,Fearns,puff.fearns@yahoo.com,(405) 025-2515,2024-01-27 11:30:30,2024-02-01 10:51:26
21,Iris,Castellone,iris.castellone@hotmail.com,(217) 928-2811,2024-01-27 11:34:27,2024-02-03 03:45:36
22,Tiffi,Childs,tiffi.childs@hotmail.co.uk,(615) 325-3801,2024-01-27 11:41:19,2024-02-05 15:22:07
23,Skippie,Syme,skippie.syme@rediffmail.com,(864) 283-1280,2024-01-27 11:43:15,2024-02-04 17:50:45
24,Jared,Ramard,jared.ramard@hotmail.com,(623) 328-3472,2024-01-27 11:49:03,2024-02-01 14:03:32
25,Pavel,Dawton,pavel.dawton@gmail.com,(720) 959-6725,2024-01-27 11:51:43,2024-01-28 11:16:56
26,Van,Overy,van.overy@hotmail.com,(801) 038-3809,2024-01-27 12:00:29,2024-01-30 14:17:29
27,Eba,Welman,eba.welman@yahoo.fr,(386) 338-9404,2024-01-27 12:04:34,2024-01-31 18:59:19
28,Regine,Regenhardt,regine.regenhardt@yahoo.com,(615) 037-0378,2024-01-27 12:12:24,2024-02-02 19:48:55
29,Millisent,Golda,millisent.golda@yahoo.com.br,(713) 927-5764,2024-01-27 12:20:51,2024-02-02 10:37:59
30,Margeaux,Cutsforth,margeaux.cutsforth@gmail.com,(516) 881-7702,2024-01-27 12:21:58,2024-02-02 15:39:01
31,Courtney,Few,courtney.few@live.fr,(202) 707-4093,2024-01-27 12:26:56,2024-02-05 03:58:32
32,Garey,Hurlston,garey.hurlston@gmail.com,(216) 734-1281,2024-01-27 12:36:13,2024-02-05 08:33:51
33,Anabella,Beenham,anabella.beenham@hotmail.com,(601) 931-4012,2024-01-27 12:40:06,2024-01-29 10:03:40
34,Lanita,Perrott,lanita.perrott@voila.fr,(714) 390-8527,2024-01-27 12:48:30,2024-02-04 13:40:06
35,Sherman,Schistl,sherman.schistl@yahoo.com,(646) 142-3891,2024-01-27 12:51:12,2024-01-29 06:36:18
36,Alexandros,Charley,alexandros.charley@yahoo.com,(407) 337-7471,2024-01-27 12:52:45,2024-02-05 21:48:20
37,Peyter,Caunt,peyter.caunt@yahoo.com,(205) 296-5545,2024-01-27 12:57:56,2024-02-05 09:44:41
38,Carla,Hovey,carla.hovey@hotmail.com,(727) 323-0377,2024-01-27 13:03:19,2024-01-30 01:44:28
39,Flin,Ivey,flin.ivey@aol.com,(202) 756-5103,2024-01-27 13:11:16,2024-02-04 12:03:49
40,Ellette,Ivasechko,ellette.ivasechko@gmail.com,(617) 985-4728,2024-01-27 13:12:30,2024-02-05 12:54:54
41,Vilhelmina,Glanders,vilhelmina.glanders@hotmail.com,(972) 509-9791,2024-01-27 13:21:21,2024-01-29 01:40:23
42,Veronika,Beville,veronika.beville@gmail.com,(661) 411-6872,2024-01-27 13:24:09,2024-01-27 23:47:00
43,Frankie,Aldous,frankie.aldous@yahoo.com,(915) 243-8570,2024-01-27 13:33:57,2024-02-06 03:03:33
44,Coraline,Bille,coraline.bille@sky.com,(505) 596-3842,2024-01-27 13:41:12,2024-01-30 03:23:50
45,Tynan,Finlayson,tynan.finlayson@verizon.net,(617) 229-1638,2024-01-27 13:46:57,2024-01-29 23:21:36
46,Fannie,Tissell,fannie.tissell@yahoo.com,(904) 003-6926,2024-01-27 13:55:57,2024-01-31 14:19:37
47,Ivory,Brader,ivory.brader@rediffmail.com,(314) 561-4157,2024-01-27 14:05:05,2024-02-06 04:39:40
48,Adan,McGilroy,adan.mcgilroy@ymail.com,(405) 689-6028,2024-01-27 14:14:11,2024-02-01 09:44:34
49,Renelle,Witchard,renelle.witchard@aol.com,(763) 667-7353,2024-01-27 14:19:22,2024-01-29 23:30:12
50,Alejandrina,Castell,alejandrina.castell@sbcglobal.net,(813) 893-8182,2024-01-27 14:22:36,2024-01-29 10:13:52
51,Wylie,Handscombe,wylie.handscombe@yahoo.fr,(713) 325-2028,2024-01-27 14:29:36,2024-02-04 00:22:58
52,Ike,Lonie,ike.lonie@outlook.com,(719) 229-2037,2024-01-27 14:37:49,2024-02-02 11:05:07
53,Rosie,Fairburne,rosie.fairburne@gmail.com,(619) 003-6418,2024-01-27 14:47:37,2024-02-05 15:51:09
54,Michelina,Foy,michelina.foy@web.de,(214) 697-3551,2024-01-27 14:54:50,2024-01-30 12:23:55
55,Valeria,Westcott,valeria.westcott@yahoo.com,(214) 728-2060,2024-01-27 15:00:26,2024-02-06 06:20:19
56,Nonie,Paff,nonie.paff@gmail.com,(217) 554-6225,2024-01-27 15:08:26,2024-02-03 02:10:20
57,Roana,Ackerley,roana.ackerley@gmail.com,(540) 628-0516,2024-01-27 15:15:41,2024-02-06 05:53:35
58,Jobina,Mellody,jobina.mellody@live.com,(209) 137-8204,2024-01-27 15:20:07,2024-02-02 22:22:19
59,Leeann,Trengove,leeann.trengove@yahoo.com,(313) 172-5174,2024-01-27 15:21:42,2024-01-30 04:03:12
60,Baron,Danielsky,baron.danielsky@hotmail.com,(813) 490-3564,2024-01-27 15:26:04,2024-02-01 02:09:55
61,Gustavo,Lefeuvre,gustavo.lefeuvre@gmail.com,(505) 757-2146,2024-01-27 15:30:51,2024-01-30 03:49:44
62,Darrin,Huot,darrin.huot@hotmail.com,(515) 072-6176,2024-01-27 15:35:51,2024-01-31 01:26:19
63,Zeb,Whall,zeb.whall@yahoo.com,(302) 965-2847,2024-01-27 15:41:26,2024-01-29 01:52:24
64,Mellie,Crocker,mellie.crocker@live.co.uk,(816) 306-6005,2024-01-27 15:45:48,2024-01-31 07:33:07
65,Yule,Coram,yule.coram@yahoo.com.au,(210) 059-9553,2024-01-27 15:55:23,2024-02-04 07:25:47
66,Agnese,Ilden,agnese.ilden@gmail.com,(360) 973-1061,2024-01-27 16:02:29,2024-01-29 07:43:10
67,Dareen,Reavell,dareen.reavell@aol.com,(804) 768-9815,2024-01-27 16:04:00,2024-02-03 02:26:07
68,Aguie,Silverthorne,aguie.silverthorne@gmail.com,(804) 180-1040,2024-01-27 16:08:34,2024-01-29 10:05:29
69,Nicolette,Willshee,nicolette.willshee@gmail.com,(936) 775-1209,2024-01-27 16:17:41,2024-02-02 11:57:22
70,Drusie,Stallybrass,drusie.stallybrass@gmail.com,(512) 615-2315,2024-01-27 16:23:01,2024-01-28 19:36:18
71,Bernita,Obbard,bernita.obbard@hotmail.com,(941) 964-2197,2024-01-27 16:32:56,2024-01-27 18:10:47
72,Dilan,Valance,dilan.valance@hotmail.com,(772) 018-1396,2024-01-27 16:37:11,2024-01-27 20:09:02
73,Berry,Thieme,berry.thieme@yahoo.fr,(770) 887-2617,2024-01-27 16:43:43,2024-02-04 23:21:18
74,Vania,Resun,vania.resun@gmail.com,(408) 902-3257,2024-01-27 16:44:51,2024-02-02 21:27:02
75,Arri,Vosper,arri.vosper@gmail.com,(520) 965-1801,2024-01-27 16:50:37,2024-01-29 14:28:48
76,Julie,Asple,julie.asple@aol.com,(626) 206-0800,2024-01-27 16:54:27,2024-01-30 11:29:53
77,Ingmar,Southern,ingmar.southern@gmail.com,(360) 420-0220,2024-01-27 16:58:22,2024-02-06 11:38:17
78,Rip,Emps,rip.emps@wanadoo.fr,(804) 119-9746,2024-01-27 17:01:20,2024-01-31 00:16:32
79,Hewet,Goble,hewet.goble@comcast.net,(574) 862-2384,2024-01-27 17:10:49,2024-01-29 22:37:30
80,Jaye,Coleshill,jaye.coleshill@comcast.net,(928) 226-6168,2024-01-27 17:13:50,2024-02-03 13:40:11
81,Ebony,Biaggioli,ebony.biaggioli@yahoo.ca,(760) 400-5046,2024-01-27 17:21:16,2024-01-29 11:56:25
82,Eddy,Jamieson,eddy.jamieson@yahoo.com,(917) 329-0289,2024-01-27 17:26:49,2024-01-29 12:32:04
83,Ambrosio,Bowdidge,ambrosio.bowdidge@hotmail.com,(502) 439-1651,2024-01-27 17:34:57,2024-02-04 19:58:33
84,Alley,Hildrew,alley.hildrew@gmail.com,(334) 467-2965,2024-01-27 17:40:02,2024-01-31 06:39:09
85,Arlyn,Hubach,arlyn.hubach@yandex.ru,(937) 738-0069,2024-01-27 17:44:35,2024-02-03 00:10:41
86,Adams,Duckering,adams.duckering@yahoo.com,(816) 832-1901,2024-01-27 17:46:59,2024-02-05 00:14:40
87,Graham,MacGoun,graham.macgoun@gmail.com,(251) 513-2450,2024-01-27 17:54:29,2024-02-01 14:46:00
88,Averyl,Adger,averyl.adger@hotmail.com,(352) 543-1322,2024-01-27 17:59:33,2024-01-30 03:24:20
89,Lorin,Splevins,lorin.splevins@free.fr,(479) 872-3782,2024-01-27 18:08:52,2024-02-04 18:35:20
90,Madelin,Maunsell,madelin.maunsell@yahoo.com,(309) 512-5005,2024-01-27 18:11:59,2024-01-31 12:38:11
91,Tania,Keward,tania.keward@hotmail.com,(352) 617-3398,2024-01-27 18:19:24,2024-02-06 07:03:02
92,Mata,Brennans,mata.brennans@hotmail.co.uk,(571) 751-0295,2024-01-27 18:27:44,2024-01-28 13:08:04
93,Sheelagh,Conradie,sheelagh.conradie@hotmail.com,(763) 296-9521,2024-01-27 18:32:24,2024-02-06 14:06:14
94,Cassondra,Tibbs,cassondra.tibbs@yahoo.com,(408) 541-0975,2024-01-27 18:38:42,2024-02-01 22:32:48
95,Cully,Ollie,cully.ollie@hotmail.com,(630) 880-7783,2024-01-27 18:42:46,2024-01-28 05:43:42
96,Sam,Windmill,sam.windmill@hotmail.com,(339) 601-0913,2024-01-27 18:51:48,2024-02-06 15:18:48
97,Lea,Cropper,lea.cropper@gmail.com,(323) 764-7477,2024-01-27 18:56:50,2024-02-01 13:40:04
98,Herman,Gaither,herman.gaither@yahoo.com,(619) 276-6727,2024-01-27 19:02:20,2024-02-02 00:20:41
99,Mora,Cotillard,mora.cotillard@gmail.com,(407) 722-8656,2024-01-27 19:09:49,2024-02-05 12:54:02
100,Dagny,Daft,dagny.daft@gmail.com,(330) 053-7038,2024-01-27 19:17:38,2024-02-04 23:08:31
