customer_id,customer_name,contact_number,email,address,created_at
1,Dillon Maudling,(907) 660-1423,dillon.maudling@hotmail.com,"10239 Oracle Court, Anchorage, Alaska, United States, 99507",2024-01-29 12:51:07
2,Siusan Peplay,(907) 241-2703,siusan.peplay@hotmail.de,"2270 Melendez Way, Anchorage, Alaska, United States, 99512",2024-01-29 12:54:36
3,Fayina Wealleans,(907) 348-7534,fayina.wealleans@hotmail.com,"2136 Las Cruces Court, Anchorage, Alaska, United States, 99517",2024-01-29 13:03:56
4,Cole Clemmens,(907) 462-0450,cole.clemmens@yahoo.com.au,"9914 Rio Grande Avenue, Anchorage, Alaska, United States, 99522",2024-01-29 13:11:49
5,Rhett Lindfors,(907) 449-9773,rhett.lindfors@rocketmail.com,"9211 Oswego Lane, Anchorage, Alaska, United States, 99599",2024-01-29 13:13:48
6,Lark Bresnen,(907) 602-3397,lark.bresnen@gmail.com,"11485 Margaux Trail, Fairbanks, Alaska, United States, 99709",2024-01-29 13:17:15
7,Isa Wark,(907) 847-6859,isa.wark@yahoo.com,"7371 Salmon Brook Lane, Fairbanks, Alaska, United States, 99790",2024-01-29 13:22:27
8,Alaine Townsend,(907) 219-1261,alaine.townsend@free.fr,"4056 Del Toro Drive, Juneau, Alaska, United States, 99812",2024-01-29 13:29:20
9,Zandra Varnes,(256) 086-6703,zandra.varnes@yahoo.com,"3632 Tenerife Lane, Anniston, Alabama, United States, 36205",2024-01-29 13:32:09
10,Corinna Dulling,(205) 168-7600,corinna.dulling@gmail.com,"8007 Elwick Lane, Birmingham, Alabama, United States, 35205",2024-01-29 13:35:11
11,Ike Corriea,(334) 449-3208,ike.corriea@aol.com,"10397 Parlor Place, Birmingham, Alabama, United States, 35210",2024-01-29 13:38:42
12,Burch Inchcomb,(205) 018-6027,burch.inchcomb@live.it,"1650 Harding Path, Birmingham, Alabama, United States, 35215",2024-01-29 13:41:42
13,Hinda Miles,(205) 591-5707,hinda.miles@yahoo.com,"11303 Sutton Terrace, Birmingham, Alabama, United States, 35220",2024-01-29 13:47:19
14,Mickey Sleford,(205) 200-2518,mickey.sleford@gmail.com,"5232 Ipswitch Street, Birmingham, Alabama, United States, 35225",2024-01-29 13:52:21
15,Celestine Fuller,(205) 814-2819,celestine.fuller@hotmail.com,"11621 Tara Terrace, Birmingham, Alabama, United States, 35231",2024-01-29 13:58:40
16,Karole Revie,(205) 088-2211,karole.revie@gmail.com,"2335 Botner Drive, Birmingham, Alabama, United States, 35236",2024-01-29 14:08:29
17,Iona Bone,(205) 395-8287,iona.bone@msn.com,"676 Frank DiPietro Drive, Birmingham, Alabama, United States, 35244",2024-01-29 14:10:41
18,Arty O' Hanvey,(205) 269-4013,arty.ohanvey@laposte.net,"6946 Lunsford Lane, Birmingham, Alabama, United States, 35254",2024-01-29 14:18:53
19,Waiter Huller,(205) 753-3606,waiter.huller@aol.com,"10335 Godinez Court, Birmingham, Alabama, United States, 35263",2024-01-29 14:27:04
20,Adelbert Daffern,(205) 202-8817,adelbert.daffern@yahoo.com,"13347 Longbow Trail, Birmingham, Alabama, United States, 35279",2024-01-29 14:31:54
21,Juan Dignan,(205) 584-6112,juan.dignan@yahoo.fr,"3742 Plumosa Court, Birmingham, Alabama, United States, 35285",2024-01-29 14:35:41
22,Roseline Lewzey,(205) 417-8812,roseline.lewzey@hotmail.fr,"14662 Altair Path, Birmingham, Alabama, United States, 35290",2024-01-29 14:40:44
23,Iggy Loughrey,(205) 913-9882,iggy.loughrey@msn.com,"6747 Olivarez Way, Birmingham, Alabama, United States, 35295",2024-01-29 14:43:07
24,Magdaia Crocket,(205) 549-3303,magdaia.crocket@hotmail.com,"8803 Cumbaa Court, Birmingham, Alabama, United States, 35242",2024-01-29 14:50:25
25,Garrett Haine,(256) 258-0972,garrett.haine@hotmail.com,"2540 Butterworth Lane, Gadsden, Alabama, United States, 35905",2024-01-29 14:56:41
26,Sibyl Rafe,(256) 442-4586,sibyl.rafe@gmail.com,"5098 Pelican Path, Huntsville, Alabama, United States, 35805",2024-01-29 14:57:42
27,Charlotta Behninck,(256) 305-9952,charlotta.behninck@mail.ru,"9048 Lester Drive, Huntsville, Alabama, United States, 35810",2024-01-29 15:00:19
28,Jacki Veldman,(256) 936-7750,jacki.veldman@verizon.net,"11985 Gaither Court, Huntsville, Alabama, United States, 35815",2024-01-29 15:05:54
29,Ruthe O'Lynn,(256) 767-5579,ruthe.olynn@yahoo.co.uk,"2844 Jerry Avenue, Huntsville, Alabama, United States, 35895",2024-01-29 15:14:46
30,Nils Lythgoe,(251) 540-9677,nils.lythgoe@alice.it,"10290 Geiger Lane, Mobile, Alabama, United States, 36605",2024-01-29 15:22:57
31,Sande Earsman,(251) 766-9276,sande.earsman@hotmail.com,"12732 Venetian Lane, Mobile, Alabama, United States, 36610",2024-01-29 15:28:44
32,Guenna Ramey,(251) 788-1455,guenna.ramey@googlemail.com,"3767 Keisa Street, Mobile, Alabama, United States, 36616",2024-01-29 15:33:22
33,Nani Lea,(251) 609-1447,nani.lea@yahoo.es,"14461 Ely Circle, Mobile, Alabama, United States, 36622",2024-01-29 15:35:36
34,Iorgo Popping,(251) 151-9211,iorgo.popping@gmx.de,"7476 Talley Ridge Drive, Mobile, Alabama, United States, 36628",2024-01-29 15:45:30
35,Diandra Prynne,(251) 562-1201,diandra.prynne@gmail.com,"1893 Sanchez Court, Mobile, Alabama, United States, 36641",2024-01-29 15:51:35
36,Lexy Leeds,(251) 967-5245,lexy.leeds@wanadoo.fr,"3294 Ventura Drive, Mobile, Alabama, United States, 36670",2024-01-29 15:57:37
37,Devi Lapsley,(251) 059-0029,devi.lapsley@gmail.com,"13298 Pickering Path, Mobile, Alabama, United States, 36689",2024-01-29 16:00:38
38,Piggy Hargess,(334) 840-1171,piggy.hargess@gmail.com,"5910 Broad Street, Montgomery, Alabama, United States, 36104",2024-01-29 16:05:42
39,Dag Acton,(334) 109-4479,dag.acton@yahoo.com,"10057 Jerry Avenue, Montgomery, Alabama, United States, 36109",2024-01-29 16:09:38
40,Yankee Wallworth,(334) 061-9279,yankee.wallworth@hotmail.com,"1297 Ulmer Terrace, Montgomery, Alabama, United States, 36114",2024-01-29 16:19:34
41,Kingsly Taile,(334) 870-0795,kingsly.taile@gmail.com,"4497 Radford Place, Montgomery, Alabama, United States, 36119",2024-01-29 16:28:30
42,Alleen De Bischop,(334) 518-1776,alleen.debischop@gmail.com,"6296 Kuhl Lane, Montgomery, Alabama, United States, 36125",2024-01-29 16:34:39
43,Cece Crispe,(334) 007-8719,cece.crispe@gmail.com,"11402 Mission Hills Trail, Montgomery, Alabama, United States, 36134",2024-01-29 16:38:36
44,Susi Sancho,(334) 950-3677,susi.sancho@hotmail.fr,"2528 Wren Street, Montgomery, Alabama, United States, 36177",2024-01-29 16:42:16
45,Claiborne Chastaing,(334) 879-6290,claiborne.chastaing@aol.com,"10571 Tarflower Terrace, Montgomery, Alabama, United States, 36195",2024-01-29 16:47:19
46,Cordy Van der Beek,(205) 651-4582,cordy.vanderbeek@hotmail.com,"12511 Struthers Lane, Tuscaloosa, Alabama, United States, 35405",2024-01-29 16:56:01
47,Ezri Leftridge,(205) 049-7659,ezri.leftridge@live.it,"8600 Pigeon Court, Tuscaloosa, Alabama, United States, 35487",2024-01-29 17:01:45
48,Vittoria Kellegher,(479) 589-7732,vittoria.kellegher@gmail.com,"4813 Umland Lane, Fort Smith, Arkansas, United States, 72905",2024-01-29 17:08:08
49,Marsiella Torresi,(479) 763-7137,marsiella.torresi@gmx.de,"6747 Presa Place, Fort Smith, Arkansas, United States, 72916",2024-01-29 17:11:22
50,Irv Euler,(501) 387-2716,irv.euler@t-online.de,"5994 Talley Ridge Drive, Hot Springs National Park, Arkansas, United States, 71914",2024-01-29 17:12:30
51,Vernon Tredget,(501) 313-4312,vernon.tredget@yahoo.com,"6648 Independence Path, Little Rock, Arkansas, United States, 72204",2024-01-29 17:22:03
52,Murial Norrie,(501) 736-0841,murial.norrie@gmail.com,"9042 Pardo Place, Little Rock, Arkansas, United States, 72209",2024-01-29 17:23:08
53,Trescha Sockell,(501) 416-2013,trescha.sockell@msn.com,"273 Deming Avenue, Little Rock, Arkansas, United States, 72215",2024-01-29 17:31:44
54,Emogene Wolver,(501) 693-3884,emogene.wolver@tiscali.it,"13070 Palomino Lane, Little Rock, Arkansas, United States, 72222",2024-01-29 17:34:31
55,Buckie Crossley,(501) 777-5125,buckie.crossley@yahoo.com,"12303 Gabriele Place, Little Rock, Arkansas, United States, 72231",2024-01-29 17:40:48
56,Kimbra Mapstone,(501) 501-1831,kimbra.mapstone@gmail.com,"9171 Bower Lane, North Little Rock, Arkansas, United States, 72118",2024-01-29 17:45:33
57,Patsy Riping,(501) 002-4053,patsy.riping@gmail.com,"5922 Enrique Drive, North Little Rock, Arkansas, United States, 72199",2024-01-29 17:50:40
58,Tris Manntschke,(480) 642-8749,tris.manntschke@gmail.com,"8562 Oxbow Drive, Apache Junction, Arizona, United States, 85219",2024-01-29 17:55:36
59,Stanly Booty,(480) 227-4766,stanly.booty@sfr.fr,"8878 Port Royal Court, Chandler, Arizona, United States, 85246",2024-01-29 18:04:22
60,Ange Hempel,(480) 252-9000,ange.hempel@gmail.com,"6763 Brooks Avenue, Gilbert, Arizona, United States, 85297",2024-01-29 18:06:35
61,Cirillo Ickeringill,(623) 569-0557,cirillo.ickeringill@gmail.com,"8058 Lintz Lane, Glendale, Arizona, United States, 85305",2024-01-29 18:07:44
62,Julie McFeat,(602) 778-7975,julie.mcfeat@hotmail.com,"12701 Fairchild Lane, Glendale, Arizona, United States, 85311",2024-01-29 18:09:21
63,Grady Silverwood,(602) 391-4025,grady.silverwood@yahoo.com,"3413 Hillcrest Drive, Mesa, Arizona, United States, 85205",2024-01-29 18:17:12
64,Rodi Balden,(480) 980-1710,rodi.balden@yahoo.com,"3778 Towana Loop, Mesa, Arizona, United States, 85210",2024-01-29 18:19:05
65,Huntlee Berni,(480) 403-1848,huntlee.berni@yahoo.com,"3010 Whittington Circle, Mesa, Arizona, United States, 85215",2024-01-29 18:24:22
66,Brien Buxcy,(623) 081-2689,brien.buxcy@gmail.com,"13226 Norman Run, Peoria, Arizona, United States, 85383",2024-01-29 18:33:34
67,Bobby Virgoe,(480) 845-6247,bobby.virgoe@yahoo.com,"4468 Mazzio Lane, Phoenix, Arizona, United States, 85005",2024-01-29 18:37:46
68,Caryl Bingell,(602) 488-6273,caryl.bingell@sbcglobal.net,"4231 Keisa Street, Phoenix, Arizona, United States, 85010",2024-01-29 18:40:11
69,Yankee Pothergill,(623) 499-1763,yankee.pothergill@hotmail.com,"12225 Bellamy Lane, Phoenix, Arizona, United States, 85015",2024-01-29 18:50:07
70,Brittan Blunsum,(623) 210-2447,brittan.blunsum@googlemail.com,"1743 Candler Place, Phoenix, Arizona, United States, 85020",2024-01-29 18:55:37
71,Alastair Camden,(480) 142-0834,alastair.camden@gmail.com,"7697 Iiams Court, Phoenix, Arizona, United States, 85025",2024-01-29 18:57:31
72,Dennet Messier,(602) 565-3162,dennet.messier@hotmail.com,"9971 Edmonton Place, Phoenix, Arizona, United States, 85030",2024-01-29 18:58:46
73,Salem Quince,(602) 484-3257,salem.quince@hotmail.com,"3654 Lartigue Lane, Phoenix, Arizona, United States, 85035",2024-01-29 19:00:41
74,Roana Woolager,(602) 134-6368,roana.woolager@yahoo.com,"3318 Guice Avenue, Phoenix, Arizona, United States, 85040",2024-01-29 19:08:04
75,Estrella Crowche,(480) 197-2516,estrella.crowche@hotmail.com,"1328 Royal Elm Road, Phoenix, Arizona, United States, 85045",2024-01-29 19:16:14
76,Tomasine Handrok,(602) 077-7629,tomasine.handrok@wanadoo.fr,"5190 Jasper Way, Phoenix, Arizona, United States, 85053",2024-01-29 19:24:10
77,Bette-ann Smaleman,(602) 780-1372,betteann.smaleman@wanadoo.fr,"6381 MacKenzie Avenue, Phoenix, Arizona, United States, 85062",2024-01-29 19:34:02
78,Paolina Whittek,(602) 794-0368,paolina.whittek@yahoo.com,"12433 Landings Lane, Phoenix, Arizona, United States, 85067",2024-01-29 19:41:00
79,Donnie Barnett,(602) 040-8550,donnie.barnett@hotmail.com,"5944 Buck Street, Phoenix, Arizona, United States, 85072",2024-01-29 19:44:49
80,Fremont Goodhand,(602) 803-5630,fremont.goodhand@hotmail.com,"7411 Startex Street, Phoenix, Arizona, United States, 85077",2024-01-29 19:54:10
81,Liana McNeil,(602) 241-2982,liana.mcneil@hotmail.fr,"8513 Jonesbury Run, Phoenix, Arizona, United States, 85083",2024-01-29 19:59:24
82,Liliane Beet,(602) 082-1400,liliane.beet@yahoo.com,"108 Endicott Way, Phoenix, Arizona, United States, 85099",2024-01-29 20:08:32
83,Latrena Yonge,(928) 592-0236,latrena.yonge@live.ca,"6021 Love Avenue, Prescott, Arizona, United States, 86305",2024-01-29 20:10:49
84,Pauli Quidenham,(602) 507-9759,pauli.quidenham@gmail.com,"4049 Nadira Court, Scottsdale, Arizona, United States, 85255",2024-01-29 20:19:30
85,Gipsy Ferriere,(623) 484-9433,gipsy.ferriere@hotmail.co.uk,"5552 Jenks Court, Scottsdale, Arizona, United States, 85260",2024-01-29 20:23:45
86,Nathalia Haborn,(480) 934-4284,nathalia.haborn@yandex.ru,"109 Belle Glade Avenue, Scottsdale, Arizona, United States, 85271",2024-01-29 20:31:23
87,Adoree Goose,(480) 134-4901,adoree.goose@live.co.uk,"5410 Hickey Way, Tempe, Arizona, United States, 85284",2024-01-29 20:40:00
88,Gerek Eilhersen,(520) 166-2392,gerek.eilhersen@yahoo.co.uk,"11312 Napier Court, Tucson, Arizona, United States, 85705",2024-01-29 20:49:15
89,Andrea Andrzejak,(520) 036-5115,andrea.andrzejak@gmail.com,"8403 Leone Lane, Tucson, Arizona, United States, 85710",2024-01-29 20:58:50
90,Joscelin Westall,(520) 009-1173,joscelin.westall@hotmail.com,"8425 Nature Lane, Tucson, Arizona, United States, 85715",2024-01-29 21:04:20
91,Oren Bilsland,(520) 717-9018,oren.bilsland@yahoo.com,"2274 Danisha Court, Tucson, Arizona, United States, 85720",2024-01-29 21:06:31
92,Rozella Cloake,(520) 405-0029,rozella.cloake@hotmail.com,"13227 Parsley Road, Tucson, Arizona, United States, 85725",2024-01-29 21:15:06
93,Clarance Bellchamber,(520) 399-1217,clarance.bellchamber@gmail.com,"3046 Kingston Way, Tucson, Arizona, United States, 85732",2024-01-29 21:20:34
94,Archambault Bradnick,(520) 439-4157,archambault.bradnick@yahoo.com,"10989 Bessie Way, Tucson, Arizona, United States, 85737",2024-01-29 21:24:18
95,Peder Greswell,(520) 239-9729,peder.greswell@yahoo.co.uk,"8462 Robert Road, Tucson, Arizona, United States, 85743",2024-01-29 21:33:12
96,Dell Beamish,(520) 863-3001,dell.beamish@yahoo.com,"3178 Ingleside Drive, Tucson, Arizona, United States, 85748",2024-01-29 21:36:50
97,Nikolos Klees,(520) 168-8242,nikolos.klees@gmail.com,"9169 Isleworth Circle, Tucson, Arizona, United States, 85754",2024-01-29 21:38:10
98,Zebulon Danbye,(626) 137-5921,zebulon.danbye@gmail.com,"8769 Blythewood Loop, Alhambra, California, United States, 91841",2024-01-29 21:40:11
99,Jorie Enocksson,(310) 129-8366,jorie.enocksson@cox.net,"319 Albatross Avenue, Anaheim, California, United States, 92805",2024-01-29 21:46:21
100,Maia Larham,(714) 843-3582,maia.larham@gmail.com,"2544 Southwood Drive, Anaheim, California, United States, 92812",2024-01-29 21:51:54
